segment,action,customers,orders,revenue,median_recency,median_frequency,median_monetary,customer_share,revenue_share
Champions,유지,1290,22611,12083792.495,16.0,11.0,4049.1400000000003,0.21946240217761143,0.6810291502153732
Loyal,유지,703,5563,1915519.145,78.0,6.0,1733.89,0.11959850289214019,0.10795653567209229
Potential,육성,232,748,554476.932,60.0,3.0,1688.7649999999999,0.03946920721333787,0.031249705253564714
New / Recent,육성,446,654,394958.6,26.0,1.0,372.75,0.07587614834977884,0.02225942888704442
Cannot Lose,재활성화,229,2126,1021613.1020000001,333.0,7.0,2282.28,0.03895882953385505,0.05757698197745753
At Risk,재활성화,599,2099,616181.71,377.0,3.0,800.67,0.10190541000340252,0.0347273181423127
Hibernating High Value,재활성화,65,106,183878.891,423.0,2.0,1857.83,0.011058183055461041,0.010363210468244247
Need Attention,관찰,856,2016,491566.342,71.5,2.0,541.785,0.14562776454576387,0.027704134137131225
Hibernating,저우선,1458,1822,481441.961,436.0,1.0,264.975,0.2480435522286492,0.02713353524677957
