year,gender,destination,origin,movers,is_intra,source_sheet,source_row_number,origin_capital,destination_capital,flow_block
2025,all,서울,부산,18155,False,6.전입출지별(이동자),6,False,True,noncapital_to_capital
2025,all,서울,대구,13526,False,6.전입출지별(이동자),6,False,True,noncapital_to_capital
2025,all,서울,인천,34098,False,6.전입출지별(이동자),6,True,True,capital_to_capital
2025,all,서울,광주,9813,False,6.전입출지별(이동자),6,False,True,noncapital_to_capital
2025,all,서울,대전,12755,False,6.전입출지별(이동자),6,False,True,noncapital_to_capital
2025,all,서울,울산,5523,False,6.전입출지별(이동자),6,False,True,noncapital_to_capital
2025,all,서울,세종,5009,False,6.전입출지별(이동자),6,False,True,noncapital_to_capital
2025,all,서울,경기,235668,False,6.전입출지별(이동자),6,True,True,capital_to_capital
2025,all,서울,강원,16526,False,6.전입출지별(이동자),6,False,True,noncapital_to_capital
2025,all,서울,충북,11988,False,6.전입출지별(이동자),6,False,True,noncapital_to_capital
2025,all,서울,충남,17720,False,6.전입출지별(이동자),6,False,True,noncapital_to_capital
2025,all,서울,전북,11343,False,6.전입출지별(이동자),6,False,True,noncapital_to_capital
2025,all,서울,전남,9543,False,6.전입출지별(이동자),6,False,True,noncapital_to_capital
2025,all,서울,경북,13522,False,6.전입출지별(이동자),6,False,True,noncapital_to_capital
2025,all,서울,경남,14979,False,6.전입출지별(이동자),6,False,True,noncapital_to_capital
2025,all,서울,제주,8159,False,6.전입출지별(이동자),6,False,True,noncapital_to_capital
2025,all,부산,서울,12662,False,6.전입출지별(이동자),7,True,False,capital_to_noncapital
2025,all,부산,대구,5082,False,6.전입출지별(이동자),7,False,False,noncapital_to_noncapital
2025,all,부산,인천,2209,False,6.전입출지별(이동자),7,True,False,capital_to_noncapital
2025,all,부산,광주,1221,False,6.전입출지별(이동자),7,False,False,noncapital_to_noncapital
2025,all,부산,대전,1817,False,6.전입출지별(이동자),7,False,False,noncapital_to_noncapital
2025,all,부산,울산,9501,False,6.전입출지별(이동자),7,False,False,noncapital_to_noncapital
2025,all,부산,세종,1085,False,6.전입출지별(이동자),7,False,False,noncapital_to_noncapital
2025,all,부산,경기,11809,False,6.전입출지별(이동자),7,True,False,capital_to_noncapital
2025,all,부산,강원,1762,False,6.전입출지별(이동자),7,False,False,noncapital_to_noncapital
2025,all,부산,충북,1574,False,6.전입출지별(이동자),7,False,False,noncapital_to_noncapital
2025,all,부산,충남,2161,False,6.전입출지별(이동자),7,False,False,noncapital_to_noncapital
2025,all,부산,전북,1260,False,6.전입출지별(이동자),7,False,False,noncapital_to_noncapital
2025,all,부산,전남,2711,False,6.전입출지별(이동자),7,False,False,noncapital_to_noncapital
2025,all,부산,경북,8193,False,6.전입출지별(이동자),7,False,False,noncapital_to_noncapital
2025,all,부산,경남,40742,False,6.전입출지별(이동자),7,False,False,noncapital_to_noncapital
2025,all,부산,제주,2449,False,6.전입출지별(이동자),7,False,False,noncapital_to_noncapital
2025,all,대구,서울,8815,False,6.전입출지별(이동자),8,True,False,capital_to_noncapital
2025,all,대구,부산,5027,False,6.전입출지별(이동자),8,False,False,noncapital_to_noncapital
2025,all,대구,인천,1620,False,6.전입출지별(이동자),8,True,False,capital_to_noncapital
2025,all,대구,광주,646,False,6.전입출지별(이동자),8,False,False,noncapital_to_noncapital
2025,all,대구,대전,1776,False,6.전입출지별(이동자),8,False,False,noncapital_to_noncapital
2025,all,대구,울산,3143,False,6.전입출지별(이동자),8,False,False,noncapital_to_noncapital
2025,all,대구,세종,587,False,6.전입출지별(이동자),8,False,False,noncapital_to_noncapital
2025,all,대구,경기,9192,False,6.전입출지별(이동자),8,True,False,capital_to_noncapital
2025,all,대구,강원,1544,False,6.전입출지별(이동자),8,False,False,noncapital_to_noncapital
2025,all,대구,충북,1708,False,6.전입출지별(이동자),8,False,False,noncapital_to_noncapital
2025,all,대구,충남,1961,False,6.전입출지별(이동자),8,False,False,noncapital_to_noncapital
2025,all,대구,전북,969,False,6.전입출지별(이동자),8,False,False,noncapital_to_noncapital
2025,all,대구,전남,848,False,6.전입출지별(이동자),8,False,False,noncapital_to_noncapital
2025,all,대구,경북,37837,False,6.전입출지별(이동자),8,False,False,noncapital_to_noncapital
2025,all,대구,경남,8073,False,6.전입출지별(이동자),8,False,False,noncapital_to_noncapital
2025,all,대구,제주,1166,False,6.전입출지별(이동자),8,False,False,noncapital_to_noncapital
2025,all,인천,서울,46570,False,6.전입출지별(이동자),9,True,True,capital_to_capital
2025,all,인천,부산,3283,False,6.전입출지별(이동자),9,False,True,noncapital_to_capital
2025,all,인천,대구,2296,False,6.전입출지별(이동자),9,False,True,noncapital_to_capital
2025,all,인천,광주,2037,False,6.전입출지별(이동자),9,False,True,noncapital_to_capital
2025,all,인천,대전,2628,False,6.전입출지별(이동자),9,False,True,noncapital_to_capital
2025,all,인천,울산,1158,False,6.전입출지별(이동자),9,False,True,noncapital_to_capital
2025,all,인천,세종,891,False,6.전입출지별(이동자),9,False,True,noncapital_to_capital
2025,all,인천,경기,73089,False,6.전입출지별(이동자),9,True,True,capital_to_capital
2025,all,인천,강원,4638,False,6.전입출지별(이동자),9,False,True,noncapital_to_capital
2025,all,인천,충북,3615,False,6.전입출지별(이동자),9,False,True,noncapital_to_capital
2025,all,인천,충남,6529,False,6.전입출지별(이동자),9,False,True,noncapital_to_capital
2025,all,인천,전북,3159,False,6.전입출지별(이동자),9,False,True,noncapital_to_capital
2025,all,인천,전남,2955,False,6.전입출지별(이동자),9,False,True,noncapital_to_capital
2025,all,인천,경북,3784,False,6.전입출지별(이동자),9,False,True,noncapital_to_capital
2025,all,인천,경남,3415,False,6.전입출지별(이동자),9,False,True,noncapital_to_capital
2025,all,인천,제주,2187,False,6.전입출지별(이동자),9,False,True,noncapital_to_capital
2025,all,광주,서울,6417,False,6.전입출지별(이동자),10,True,False,capital_to_noncapital
2025,all,광주,부산,1010,False,6.전입출지별(이동자),10,False,False,noncapital_to_noncapital
2025,all,광주,대구,586,False,6.전입출지별(이동자),10,False,False,noncapital_to_noncapital
2025,all,광주,인천,1443,False,6.전입출지별(이동자),10,True,False,capital_to_noncapital
2025,all,광주,대전,1145,False,6.전입출지별(이동자),10,False,False,noncapital_to_noncapital
2025,all,광주,울산,328,False,6.전입출지별(이동자),10,False,False,noncapital_to_noncapital
2025,all,광주,세종,444,False,6.전입출지별(이동자),10,False,False,noncapital_to_noncapital
2025,all,광주,경기,6806,False,6.전입출지별(이동자),10,True,False,capital_to_noncapital
2025,all,광주,강원,668,False,6.전입출지별(이동자),10,False,False,noncapital_to_noncapital
2025,all,광주,충북,702,False,6.전입출지별(이동자),10,False,False,noncapital_to_noncapital
2025,all,광주,충남,1375,False,6.전입출지별(이동자),10,False,False,noncapital_to_noncapital
2025,all,광주,전북,5196,False,6.전입출지별(이동자),10,False,False,noncapital_to_noncapital
2025,all,광주,전남,24714,False,6.전입출지별(이동자),10,False,False,noncapital_to_noncapital
2025,all,광주,경북,800,False,6.전입출지별(이동자),10,False,False,noncapital_to_noncapital
2025,all,광주,경남,1231,False,6.전입출지별(이동자),10,False,False,noncapital_to_noncapital
2025,all,광주,제주,862,False,6.전입출지별(이동자),10,False,False,noncapital_to_noncapital
2025,all,대전,서울,11229,False,6.전입출지별(이동자),11,True,False,capital_to_noncapital
2025,all,대전,부산,2318,False,6.전입출지별(이동자),11,False,False,noncapital_to_noncapital
2025,all,대전,대구,2273,False,6.전입출지별(이동자),11,False,False,noncapital_to_noncapital
2025,all,대전,인천,2455,False,6.전입출지별(이동자),11,True,False,capital_to_noncapital
2025,all,대전,광주,1701,False,6.전입출지별(이동자),11,False,False,noncapital_to_noncapital
2025,all,대전,울산,903,False,6.전입출지별(이동자),11,False,False,noncapital_to_noncapital
2025,all,대전,세종,7201,False,6.전입출지별(이동자),11,False,False,noncapital_to_noncapital
2025,all,대전,경기,13987,False,6.전입출지별(이동자),11,True,False,capital_to_noncapital
2025,all,대전,강원,2319,False,6.전입출지별(이동자),11,False,False,noncapital_to_noncapital
2025,all,대전,충북,7903,False,6.전입출지별(이동자),11,False,False,noncapital_to_noncapital
2025,all,대전,충남,13961,False,6.전입출지별(이동자),11,False,False,noncapital_to_noncapital
2025,all,대전,전북,4531,False,6.전입출지별(이동자),11,False,False,noncapital_to_noncapital
2025,all,대전,전남,1847,False,6.전입출지별(이동자),11,False,False,noncapital_to_noncapital
2025,all,대전,경북,3707,False,6.전입출지별(이동자),11,False,False,noncapital_to_noncapital
2025,all,대전,경남,2848,False,6.전입출지별(이동자),11,False,False,noncapital_to_noncapital
2025,all,대전,제주,829,False,6.전입출지별(이동자),11,False,False,noncapital_to_noncapital
2025,all,울산,서울,4033,False,6.전입출지별(이동자),12,True,False,capital_to_noncapital
2025,all,울산,부산,8841,False,6.전입출지별(이동자),12,False,False,noncapital_to_noncapital
2025,all,울산,대구,3019,False,6.전입출지별(이동자),12,False,False,noncapital_to_noncapital
2025,all,울산,인천,960,False,6.전입출지별(이동자),12,True,False,capital_to_noncapital
2025,all,울산,광주,381,False,6.전입출지별(이동자),12,False,False,noncapital_to_noncapital
2025,all,울산,대전,758,False,6.전입출지별(이동자),12,False,False,noncapital_to_noncapital
2025,all,울산,세종,188,False,6.전입출지별(이동자),12,False,False,noncapital_to_noncapital
2025,all,울산,경기,4628,False,6.전입출지별(이동자),12,True,False,capital_to_noncapital
2025,all,울산,강원,707,False,6.전입출지별(이동자),12,False,False,noncapital_to_noncapital
2025,all,울산,충북,787,False,6.전입출지별(이동자),12,False,False,noncapital_to_noncapital
2025,all,울산,충남,1182,False,6.전입출지별(이동자),12,False,False,noncapital_to_noncapital
2025,all,울산,전북,573,False,6.전입출지별(이동자),12,False,False,noncapital_to_noncapital
2025,all,울산,전남,1005,False,6.전입출지별(이동자),12,False,False,noncapital_to_noncapital
2025,all,울산,경북,6766,False,6.전입출지별(이동자),12,False,False,noncapital_to_noncapital
2025,all,울산,경남,6773,False,6.전입출지별(이동자),12,False,False,noncapital_to_noncapital
2025,all,울산,제주,458,False,6.전입출지별(이동자),12,False,False,noncapital_to_noncapital
2025,all,세종,서울,4548,False,6.전입출지별(이동자),13,True,False,capital_to_noncapital
2025,all,세종,부산,820,False,6.전입출지별(이동자),13,False,False,noncapital_to_noncapital
2025,all,세종,대구,598,False,6.전입출지별(이동자),13,False,False,noncapital_to_noncapital
2025,all,세종,인천,947,False,6.전입출지별(이동자),13,True,False,capital_to_noncapital
2025,all,세종,광주,612,False,6.전입출지별(이동자),13,False,False,noncapital_to_noncapital
2025,all,세종,대전,7508,False,6.전입출지별(이동자),13,False,False,noncapital_to_noncapital
2025,all,세종,울산,296,False,6.전입출지별(이동자),13,False,False,noncapital_to_noncapital
2025,all,세종,경기,5306,False,6.전입출지별(이동자),13,True,False,capital_to_noncapital
2025,all,세종,강원,660,False,6.전입출지별(이동자),13,False,False,noncapital_to_noncapital
2025,all,세종,충북,3465,False,6.전입출지별(이동자),13,False,False,noncapital_to_noncapital
2025,all,세종,충남,4601,False,6.전입출지별(이동자),13,False,False,noncapital_to_noncapital
2025,all,세종,전북,1149,False,6.전입출지별(이동자),13,False,False,noncapital_to_noncapital
2025,all,세종,전남,685,False,6.전입출지별(이동자),13,False,False,noncapital_to_noncapital
2025,all,세종,경북,944,False,6.전입출지별(이동자),13,False,False,noncapital_to_noncapital
2025,all,세종,경남,829,False,6.전입출지별(이동자),13,False,False,noncapital_to_noncapital
2025,all,세종,제주,380,False,6.전입출지별(이동자),13,False,False,noncapital_to_noncapital
2025,all,경기,서울,276867,False,6.전입출지별(이동자),14,True,True,capital_to_capital
2025,all,경기,부산,15050,False,6.전입출지별(이동자),14,False,True,noncapital_to_capital
2025,all,경기,대구,12041,False,6.전입출지별(이동자),14,False,True,noncapital_to_capital
2025,all,경기,인천,57580,False,6.전입출지별(이동자),14,True,True,capital_to_capital
2025,all,경기,광주,9116,False,6.전입출지별(이동자),14,False,True,noncapital_to_capital
2025,all,경기,대전,14290,False,6.전입출지별(이동자),14,False,True,noncapital_to_capital
2025,all,경기,울산,5912,False,6.전입출지별(이동자),14,False,True,noncapital_to_capital
2025,all,경기,세종,5176,False,6.전입출지별(이동자),14,False,True,noncapital_to_capital
2025,all,경기,강원,26138,False,6.전입출지별(이동자),14,False,True,noncapital_to_capital
2025,all,경기,충북,19532,False,6.전입출지별(이동자),14,False,True,noncapital_to_capital
2025,all,경기,충남,33030,False,6.전입출지별(이동자),14,False,True,noncapital_to_capital
2025,all,경기,전북,14203,False,6.전입출지별(이동자),14,False,True,noncapital_to_capital
2025,all,경기,전남,11644,False,6.전입출지별(이동자),14,False,True,noncapital_to_capital
2025,all,경기,경북,17663,False,6.전입출지별(이동자),14,False,True,noncapital_to_capital
2025,all,경기,경남,15641,False,6.전입출지별(이동자),14,False,True,noncapital_to_capital
2025,all,경기,제주,7929,False,6.전입출지별(이동자),14,False,True,noncapital_to_capital
2025,all,강원,서울,16405,False,6.전입출지별(이동자),15,True,False,capital_to_noncapital
2025,all,강원,부산,1729,False,6.전입출지별(이동자),15,False,False,noncapital_to_noncapital
2025,all,강원,대구,1618,False,6.전입출지별(이동자),15,False,False,noncapital_to_noncapital
2025,all,강원,인천,4206,False,6.전입출지별(이동자),15,True,False,capital_to_noncapital
2025,all,강원,광주,744,False,6.전입출지별(이동자),15,False,False,noncapital_to_noncapital
2025,all,강원,대전,1907,False,6.전입출지별(이동자),15,False,False,noncapital_to_noncapital
2025,all,강원,울산,768,False,6.전입출지별(이동자),15,False,False,noncapital_to_noncapital
2025,all,강원,세종,576,False,6.전입출지별(이동자),15,False,False,noncapital_to_noncapital
2025,all,강원,경기,26293,False,6.전입출지별(이동자),15,True,False,capital_to_noncapital
2025,all,강원,충북,3749,False,6.전입출지별(이동자),15,False,False,noncapital_to_noncapital
2025,all,강원,충남,2727,False,6.전입출지별(이동자),15,False,False,noncapital_to_noncapital
2025,all,강원,전북,1142,False,6.전입출지별(이동자),15,False,False,noncapital_to_noncapital
2025,all,강원,전남,1142,False,6.전입출지별(이동자),15,False,False,noncapital_to_noncapital
2025,all,강원,경북,3248,False,6.전입출지별(이동자),15,False,False,noncapital_to_noncapital
2025,all,강원,경남,2097,False,6.전입출지별(이동자),15,False,False,noncapital_to_noncapital
2025,all,강원,제주,804,False,6.전입출지별(이동자),15,False,False,noncapital_to_noncapital
2025,all,충북,서울,12009,False,6.전입출지별(이동자),16,True,False,capital_to_noncapital
2025,all,충북,부산,2012,False,6.전입출지별(이동자),16,False,False,noncapital_to_noncapital
2025,all,충북,대구,2090,False,6.전입출지별(이동자),16,False,False,noncapital_to_noncapital
2025,all,충북,인천,3894,False,6.전입출지별(이동자),16,True,False,capital_to_noncapital
2025,all,충북,광주,1178,False,6.전입출지별(이동자),16,False,False,noncapital_to_noncapital
2025,all,충북,대전,8865,False,6.전입출지별(이동자),16,False,False,noncapital_to_noncapital
2025,all,충북,울산,1067,False,6.전입출지별(이동자),16,False,False,noncapital_to_noncapital
2025,all,충북,세종,4212,False,6.전입출지별(이동자),16,False,False,noncapital_to_noncapital
2025,all,충북,경기,23456,False,6.전입출지별(이동자),16,True,False,capital_to_noncapital
2025,all,충북,강원,4223,False,6.전입출지별(이동자),16,False,False,noncapital_to_noncapital
2025,all,충북,충남,6836,False,6.전입출지별(이동자),16,False,False,noncapital_to_noncapital
2025,all,충북,전북,2417,False,6.전입출지별(이동자),16,False,False,noncapital_to_noncapital
2025,all,충북,전남,1555,False,6.전입출지별(이동자),16,False,False,noncapital_to_noncapital
2025,all,충북,경북,4441,False,6.전입출지별(이동자),16,False,False,noncapital_to_noncapital
2025,all,충북,경남,2691,False,6.전입출지별(이동자),16,False,False,noncapital_to_noncapital
2025,all,충북,제주,809,False,6.전입출지별(이동자),16,False,False,noncapital_to_noncapital
2025,all,충남,서울,17671,False,6.전입출지별(이동자),17,True,False,capital_to_noncapital
2025,all,충남,부산,2704,False,6.전입출지별(이동자),17,False,False,noncapital_to_noncapital
2025,all,충남,대구,2386,False,6.전입출지별(이동자),17,False,False,noncapital_to_noncapital
2025,all,충남,인천,7209,False,6.전입출지별(이동자),17,True,False,capital_to_noncapital
2025,all,충남,광주,2026,False,6.전입출지별(이동자),17,False,False,noncapital_to_noncapital
2025,all,충남,대전,13167,False,6.전입출지별(이동자),17,False,False,noncapital_to_noncapital
2025,all,충남,울산,1314,False,6.전입출지별(이동자),17,False,False,noncapital_to_noncapital
2025,all,충남,세종,4659,False,6.전입출지별(이동자),17,False,False,noncapital_to_noncapital
2025,all,충남,경기,36471,False,6.전입출지별(이동자),17,True,False,capital_to_noncapital
2025,all,충남,강원,3188,False,6.전입출지별(이동자),17,False,False,noncapital_to_noncapital
2025,all,충남,충북,6802,False,6.전입출지별(이동자),17,False,False,noncapital_to_noncapital
2025,all,충남,전북,5685,False,6.전입출지별(이동자),17,False,False,noncapital_to_noncapital
2025,all,충남,전남,2983,False,6.전입출지별(이동자),17,False,False,noncapital_to_noncapital
2025,all,충남,경북,4124,False,6.전입출지별(이동자),17,False,False,noncapital_to_noncapital
2025,all,충남,경남,3626,False,6.전입출지별(이동자),17,False,False,noncapital_to_noncapital
2025,all,충남,제주,1247,False,6.전입출지별(이동자),17,False,False,noncapital_to_noncapital
2025,all,전북,서울,9968,False,6.전입출지별(이동자),18,True,False,capital_to_noncapital
2025,all,전북,부산,1415,False,6.전입출지별(이동자),18,False,False,noncapital_to_noncapital
2025,all,전북,대구,885,False,6.전입출지별(이동자),18,False,False,noncapital_to_noncapital
2025,all,전북,인천,2661,False,6.전입출지별(이동자),18,True,False,capital_to_noncapital
2025,all,전북,광주,5765,False,6.전입출지별(이동자),18,False,False,noncapital_to_noncapital
2025,all,전북,대전,3543,False,6.전입출지별(이동자),18,False,False,noncapital_to_noncapital
2025,all,전북,울산,561,False,6.전입출지별(이동자),18,False,False,noncapital_to_noncapital
2025,all,전북,세종,1038,False,6.전입출지별(이동자),18,False,False,noncapital_to_noncapital
2025,all,전북,경기,13343,False,6.전입출지별(이동자),18,True,False,capital_to_noncapital
2025,all,전북,강원,1162,False,6.전입출지별(이동자),18,False,False,noncapital_to_noncapital
2025,all,전북,충북,1941,False,6.전입출지별(이동자),18,False,False,noncapital_to_noncapital
2025,all,전북,충남,5349,False,6.전입출지별(이동자),18,False,False,noncapital_to_noncapital
2025,all,전북,전남,4795,False,6.전입출지별(이동자),18,False,False,noncapital_to_noncapital
2025,all,전북,경북,1288,False,6.전입출지별(이동자),18,False,False,noncapital_to_noncapital
2025,all,전북,경남,1889,False,6.전입출지별(이동자),18,False,False,noncapital_to_noncapital
2025,all,전북,제주,917,False,6.전입출지별(이동자),18,False,False,noncapital_to_noncapital
2025,all,전남,서울,8700,False,6.전입출지별(이동자),19,True,False,capital_to_noncapital
2025,all,전남,부산,2555,False,6.전입출지별(이동자),19,False,False,noncapital_to_noncapital
2025,all,전남,대구,837,False,6.전입출지별(이동자),19,False,False,noncapital_to_noncapital
2025,all,전남,인천,2723,False,6.전입출지별(이동자),19,True,False,capital_to_noncapital
2025,all,전남,광주,29154,False,6.전입출지별(이동자),19,False,False,noncapital_to_noncapital
2025,all,전남,대전,1399,False,6.전입출지별(이동자),19,False,False,noncapital_to_noncapital
2025,all,전남,울산,736,False,6.전입출지별(이동자),19,False,False,noncapital_to_noncapital
2025,all,전남,세종,493,False,6.전입출지별(이동자),19,False,False,noncapital_to_noncapital
2025,all,전남,경기,11707,False,6.전입출지별(이동자),19,True,False,capital_to_noncapital
2025,all,전남,강원,1081,False,6.전입출지별(이동자),19,False,False,noncapital_to_noncapital
2025,all,전남,충북,1117,False,6.전입출지별(이동자),19,False,False,noncapital_to_noncapital
2025,all,전남,충남,2377,False,6.전입출지별(이동자),19,False,False,noncapital_to_noncapital
2025,all,전남,전북,4504,False,6.전입출지별(이동자),19,False,False,noncapital_to_noncapital
2025,all,전남,경북,1543,False,6.전입출지별(이동자),19,False,False,noncapital_to_noncapital
2025,all,전남,경남,3702,False,6.전입출지별(이동자),19,False,False,noncapital_to_noncapital
2025,all,전남,제주,1224,False,6.전입출지별(이동자),19,False,False,noncapital_to_noncapital
2025,all,경북,서울,11087,False,6.전입출지별(이동자),20,True,False,capital_to_noncapital
2025,all,경북,부산,8392,False,6.전입출지별(이동자),20,False,False,noncapital_to_noncapital
2025,all,경북,대구,33503,False,6.전입출지별(이동자),20,False,False,noncapital_to_noncapital
2025,all,경북,인천,3428,False,6.전입출지별(이동자),20,True,False,capital_to_noncapital
2025,all,경북,광주,885,False,6.전입출지별(이동자),20,False,False,noncapital_to_noncapital
2025,all,경북,대전,2834,False,6.전입출지별(이동자),20,False,False,noncapital_to_noncapital
2025,all,경북,울산,7822,False,6.전입출지별(이동자),20,False,False,noncapital_to_noncapital
2025,all,경북,세종,805,False,6.전입출지별(이동자),20,False,False,noncapital_to_noncapital
2025,all,경북,경기,16226,False,6.전입출지별(이동자),20,True,False,capital_to_noncapital
2025,all,경북,강원,3216,False,6.전입출지별(이동자),20,False,False,noncapital_to_noncapital
2025,all,경북,충북,3427,False,6.전입출지별(이동자),20,False,False,noncapital_to_noncapital
2025,all,경북,충남,3181,False,6.전입출지별(이동자),20,False,False,noncapital_to_noncapital
2025,all,경북,전북,1331,False,6.전입출지별(이동자),20,False,False,noncapital_to_noncapital
2025,all,경북,전남,1637,False,6.전입출지별(이동자),20,False,False,noncapital_to_noncapital
2025,all,경북,경남,8870,False,6.전입출지별(이동자),20,False,False,noncapital_to_noncapital
2025,all,경북,제주,1271,False,6.전입출지별(이동자),20,False,False,noncapital_to_noncapital
2025,all,경남,서울,11143,False,6.전입출지별(이동자),21,True,False,capital_to_noncapital
2025,all,경남,부산,43163,False,6.전입출지별(이동자),21,False,False,noncapital_to_noncapital
2025,all,경남,대구,7450,False,6.전입출지별(이동자),21,False,False,noncapital_to_noncapital
2025,all,경남,인천,2774,False,6.전입출지별(이동자),21,True,False,capital_to_noncapital
2025,all,경남,광주,1245,False,6.전입출지별(이동자),21,False,False,noncapital_to_noncapital
2025,all,경남,대전,2151,False,6.전입출지별(이동자),21,False,False,noncapital_to_noncapital
2025,all,경남,울산,7033,False,6.전입출지별(이동자),21,False,False,noncapital_to_noncapital
2025,all,경남,세종,753,False,6.전입출지별(이동자),21,False,False,noncapital_to_noncapital
2025,all,경남,경기,13228,False,6.전입출지별(이동자),21,True,False,capital_to_noncapital
2025,all,경남,강원,2052,False,6.전입출지별(이동자),21,False,False,noncapital_to_noncapital
2025,all,경남,충북,1965,False,6.전입출지별(이동자),21,False,False,noncapital_to_noncapital
2025,all,경남,충남,2994,False,6.전입출지별(이동자),21,False,False,noncapital_to_noncapital
2025,all,경남,전북,1838,False,6.전입출지별(이동자),21,False,False,noncapital_to_noncapital
2025,all,경남,전남,3568,False,6.전입출지별(이동자),21,False,False,noncapital_to_noncapital
2025,all,경남,경북,8174,False,6.전입출지별(이동자),21,False,False,noncapital_to_noncapital
2025,all,경남,제주,1918,False,6.전입출지별(이동자),21,False,False,noncapital_to_noncapital
2025,all,제주,서울,6972,False,6.전입출지별(이동자),22,True,False,capital_to_noncapital
2025,all,제주,부산,1945,False,6.전입출지별(이동자),22,False,False,noncapital_to_noncapital
2025,all,제주,대구,994,False,6.전입출지별(이동자),22,False,False,noncapital_to_noncapital
2025,all,제주,인천,1763,False,6.전입출지별(이동자),22,True,False,capital_to_noncapital
2025,all,제주,광주,881,False,6.전입출지별(이동자),22,False,False,noncapital_to_noncapital
2025,all,제주,대전,645,False,6.전입출지별(이동자),22,False,False,noncapital_to_noncapital
2025,all,제주,울산,468,False,6.전입출지별(이동자),22,False,False,noncapital_to_noncapital
2025,all,제주,세종,278,False,6.전입출지별(이동자),22,False,False,noncapital_to_noncapital
2025,all,제주,경기,7633,False,6.전입출지별(이동자),22,True,False,capital_to_noncapital
2025,all,제주,강원,658,False,6.전입출지별(이동자),22,False,False,noncapital_to_noncapital
2025,all,제주,충북,691,False,6.전입출지별(이동자),22,False,False,noncapital_to_noncapital
2025,all,제주,충남,1012,False,6.전입출지별(이동자),22,False,False,noncapital_to_noncapital
2025,all,제주,전북,795,False,6.전입출지별(이동자),22,False,False,noncapital_to_noncapital
2025,all,제주,전남,886,False,6.전입출지별(이동자),22,False,False,noncapital_to_noncapital
2025,all,제주,경북,1095,False,6.전입출지별(이동자),22,False,False,noncapital_to_noncapital
2025,all,제주,경남,1620,False,6.전입출지별(이동자),22,False,False,noncapital_to_noncapital
